{"cameraMode":{"drawMode":0,"name":"Shaded","section":"Shading Mode"},"sceneLighting":false,"audioPlay":false,"sceneViewState":{"showFog":true,"showMaterialUpdate":false,"showSkybox":false,"showFlares":true,"showImageEffects":true,"showParticleSystems":true},"in2DMode":false,"pivot":{"x":1.6068310737609864,"y":-0.4612693786621094,"z":0.9942135810852051},"rotation":{"x":-0.24577000737190247,"y":-0.6359067559242249,"z":0.22444972395896913,"w":-0.6963112354278565},"size":10.05711841583252,"orthographic":false}