{"cameraMode":{"drawMode":0,"name":"Shaded","section":"Shading Mode"},"sceneLighting":true,"audioPlay":false,"sceneViewState":{"showFog":true,"showMaterialUpdate":false,"showSkybox":true,"showFlares":true,"showImageEffects":true,"showParticleSystems":true},"in2DMode":false,"pivot":{"x":436.76873779296877,"y":318.47943115234377,"z":-238.8429412841797},"rotation":{"x":-0.11838182806968689,"y":-0.049714114516973498,"z":0.005933674052357674,"w":-0.9917080998420715},"size":113.79167175292969,"orthographic":false}