{"cameraMode":{"drawMode":0,"name":"Shaded","section":"Shading Mode"},"sceneLighting":false,"audioPlay":false,"sceneViewState":{"showFog":true,"showMaterialUpdate":false,"showSkybox":false,"showFlares":true,"showImageEffects":true,"showParticleSystems":true},"in2DMode":false,"pivot":{"x":-3.2445292472839357,"y":-0.20763897895812989,"z":255.07188415527345},"rotation":{"x":-0.14357313513755799,"y":-0.654085099697113,"z":0.12837885320186616,"w":-0.731495201587677},"size":3.060389280319214,"orthographic":false}