{"cameraMode":{"drawMode":0,"name":"Shaded","section":"Shading Mode"},"sceneLighting":false,"audioPlay":false,"sceneViewState":{"showFog":false,"showMaterialUpdate":false,"showSkybox":false,"showFlares":false,"showImageEffects":false,"showParticleSystems":false},"in2DMode":false,"pivot":{"x":-6.618347644805908,"y":-0.11704948544502258,"z":254.55908203125},"rotation":{"x":0.001241396996192634,"y":-0.9986938834190369,"z":0.029969824478030206,"w":0.041367534548044208},"size":2.7330338954925539,"orthographic":false}