{"cameraMode":{"drawMode":0,"name":"Shaded","section":"Shading Mode"},"sceneLighting":false,"audioPlay":false,"sceneViewState":{"showFog":false,"showMaterialUpdate":false,"showSkybox":false,"showFlares":false,"showImageEffects":false,"showParticleSystems":false},"in2DMode":false,"pivot":{"x":-0.00019741058349609375,"y":14.283262252807618,"z":-0.0011281967163085938},"rotation":{"x":-0.23684176802635194,"y":-0.1353558599948883,"z":0.03329634666442871,"w":-0.9615537524223328},"size":19.53838348388672,"orthographic":false}