{"cameraMode":{"drawMode":0,"name":"Shaded","section":"Shading Mode"},"sceneLighting":false,"audioPlay":false,"sceneViewState":{"showFog":false,"showMaterialUpdate":false,"showSkybox":false,"showFlares":false,"showImageEffects":false,"showParticleSystems":false},"in2DMode":false,"pivot":{"x":34.41745376586914,"y":0.5583131313323975,"z":270.7841796875},"rotation":{"x":-0.0006019814754836261,"y":0.9949367046356201,"z":0.10032915323972702,"w":0.005969692021608353},"size":0.8376113772392273,"orthographic":false}