{"cameraMode":{"drawMode":0,"name":"Shaded","section":"Shading Mode"},"sceneLighting":false,"audioPlay":false,"sceneViewState":{"showFog":false,"showMaterialUpdate":false,"showSkybox":false,"showFlares":false,"showImageEffects":false,"showParticleSystems":false},"in2DMode":false,"pivot":{"x":-5.022093772888184,"y":0.5323703289031982,"z":254.52545166015626},"rotation":{"x":0.2583850622177124,"y":0.5900930762290955,"z":-0.2070898860692978,"w":0.7363222241401672},"size":7.091514587402344,"orthographic":false}