{"cameraMode":{"drawMode":0,"name":"Shaded","section":"Shading Mode"},"sceneLighting":false,"audioPlay":false,"sceneViewState":{"showFog":false,"showMaterialUpdate":false,"showSkybox":false,"showFlares":false,"showImageEffects":false,"showParticleSystems":false},"in2DMode":false,"pivot":{"x":30.65007781982422,"y":4.091899394989014,"z":277.8664855957031},"rotation":{"x":-0.12750975787639619,"y":0.4356124997138977,"z":-0.06254347413778305,"w":-0.8889144062995911},"size":25.539287567138673,"orthographic":false}