{"cameraMode":{"drawMode":0,"name":"Shaded","section":"Shading Mode"},"sceneLighting":false,"audioPlay":false,"sceneViewState":{"showFog":false,"showMaterialUpdate":false,"showSkybox":false,"showFlares":false,"showImageEffects":false,"showParticleSystems":false},"in2DMode":false,"pivot":{"x":-0.5269331932067871,"y":1.073798656463623,"z":1.7550127506256104},"rotation":{"x":0.22723603248596192,"y":0.5046606659889221,"z":-0.1396821141242981,"w":0.8210974335670471},"size":3.072798252105713,"orthographic":false}