{"cameraMode":{"drawMode":0,"name":"Shaded","section":"Shading Mode"},"sceneLighting":true,"audioPlay":false,"sceneViewState":{"showFog":false,"showMaterialUpdate":false,"showSkybox":true,"showFlares":false,"showImageEffects":false,"showParticleSystems":false},"in2DMode":false,"pivot":{"x":479.28448486328127,"y":142.23289489746095,"z":174.65997314453126},"rotation":{"x":-0.15089261531829835,"y":-0.01960701495409012,"z":0.0029937801882624628,"w":-0.9883750081062317},"size":322.9488220214844,"orthographic":false}