{"cameraMode":{"drawMode":0,"name":"Shaded","section":"Shading Mode"},"sceneLighting":false,"audioPlay":false,"sceneViewState":{"showFog":false,"showMaterialUpdate":false,"showSkybox":false,"showFlares":false,"showImageEffects":false,"showParticleSystems":false},"in2DMode":false,"pivot":{"x":-0.74120032787323,"y":-0.5877217054367065,"z":-0.269669771194458},"rotation":{"x":0.32987624406814577,"y":-0.11936163157224655,"z":0.04207159951329231,"w":0.9355186223983765},"size":3.058133125305176,"orthographic":false}