{"cameraMode":{"drawMode":0,"name":"Shaded","section":"Shading Mode"},"sceneLighting":true,"audioPlay":false,"sceneViewState":{"showFog":false,"showMaterialUpdate":false,"showSkybox":true,"showFlares":false,"showImageEffects":false,"showParticleSystems":false},"in2DMode":false,"pivot":{"x":85.65437316894531,"y":165.71868896484376,"z":-373.9788818359375},"rotation":{"x":0.343811571598053,"y":-0.012098572216928006,"z":0.004434721078723669,"w":0.9389597773551941},"size":232.42010498046876,"orthographic":false}