{"cameraMode":{"drawMode":0,"name":"Shaded","section":"Shading Mode"},"sceneLighting":true,"audioPlay":false,"sceneViewState":{"showFog":false,"showMaterialUpdate":false,"showSkybox":true,"showFlares":false,"showImageEffects":false,"showParticleSystems":false},"in2DMode":false,"pivot":{"x":32.873191833496097,"y":5.247515678405762,"z":270.6211853027344},"rotation":{"x":-0.23644274473190309,"y":0.4372410476207733,"z":-0.12030510604381561,"w":-0.8593536615371704},"size":13.273290634155274,"orthographic":false}