{"cameraMode":{"drawMode":0,"name":"Shaded","section":"Shading Mode"},"sceneLighting":true,"audioPlay":false,"sceneViewState":{"showFog":false,"showMaterialUpdate":false,"showSkybox":true,"showFlares":false,"showImageEffects":false,"showParticleSystems":false},"in2DMode":false,"pivot":{"x":319.7165832519531,"y":69.5057373046875,"z":395.32354736328127},"rotation":{"x":0.18952696025371552,"y":0.7986564636230469,"z":-0.31993046402931216,"w":0.47319385409355166},"size":27.824909210205079,"orthographic":false}