{"cameraMode":{"drawMode":0,"name":"Shaded","section":"Shading Mode"},"sceneLighting":true,"audioPlay":false,"sceneViewState":{"showFog":false,"showMaterialUpdate":false,"showSkybox":false,"showFlares":false,"showImageEffects":false,"showParticleSystems":false},"in2DMode":false,"pivot":{"x":30.559999465942384,"y":2.119999885559082,"z":268.8999938964844},"rotation":{"x":0.238522008061409,"y":0.07105640321969986,"z":-0.01750302128493786,"w":0.9684050679206848},"size":0.8660253882408142,"orthographic":false}