{"cameraMode":{"drawMode":0,"name":"Shaded","section":"Shading Mode"},"sceneLighting":false,"audioPlay":false,"sceneViewState":{"showFog":false,"showMaterialUpdate":false,"showSkybox":false,"showFlares":false,"showImageEffects":false,"showParticleSystems":false},"in2DMode":false,"pivot":{"x":48.28759002685547,"y":104.64746856689453,"z":202.0424346923828},"rotation":{"x":0.45182594656944277,"y":0.24163976311683656,"z":-0.12859180569648744,"w":0.8491418957710266},"size":7.944515705108643,"orthographic":false}