{"cameraMode":{"drawMode":0,"name":"Shaded","section":"Shading Mode"},"sceneLighting":false,"audioPlay":false,"sceneViewState":{"showFog":false,"showMaterialUpdate":false,"showSkybox":false,"showFlares":false,"showImageEffects":false,"showParticleSystems":false},"in2DMode":false,"pivot":{"x":313.30987548828127,"y":12.677419662475586,"z":404.3621826171875},"rotation":{"x":-0.1094292625784874,"y":0.8662850856781006,"z":-0.21757331490516663,"w":-0.4363291561603546},"size":9.980600357055664,"orthographic":false}