{"cameraMode":{"drawMode":0,"name":"Shaded","section":"Shading Mode"},"sceneLighting":true,"audioPlay":false,"sceneViewState":{"showFog":false,"showMaterialUpdate":false,"showSkybox":true,"showFlares":false,"showImageEffects":false,"showParticleSystems":false},"in2DMode":false,"pivot":{"x":34.90717697143555,"y":4.415421962738037,"z":257.042236328125},"rotation":{"x":0.3002100884914398,"y":0.07916407287120819,"z":-0.025004124268889428,"w":0.950263500213623},"size":6.884413242340088,"orthographic":false}