{"cameraMode":{"drawMode":0,"name":"Shaded","section":"Shading Mode"},"sceneLighting":false,"audioPlay":false,"sceneViewState":{"showFog":false,"showMaterialUpdate":false,"showSkybox":false,"showFlares":false,"showImageEffects":false,"showParticleSystems":false},"in2DMode":false,"pivot":{"x":26.898658752441408,"y":3.4200000762939455,"z":261.9700012207031},"rotation":{"x":-0.2955690622329712,"y":-0.4185982644557953,"z":0.14615218341350556,"w":-0.8462634086608887},"size":7.2300825119018559,"orthographic":false}