{"cameraMode":{"drawMode":0,"name":"Shaded","section":"Shading Mode"},"sceneLighting":false,"audioPlay":false,"sceneViewState":{"showFog":false,"showMaterialUpdate":false,"showSkybox":false,"showFlares":false,"showImageEffects":false,"showParticleSystems":false},"in2DMode":false,"pivot":{"x":331.83001708984377,"y":301.5999755859375,"z":-607.0},"rotation":{"x":0.45182594656944277,"y":0.24163976311683656,"z":-0.12859180569648744,"w":0.8491418957710266},"size":25.46566390991211,"orthographic":false}