{"cameraMode":{"drawMode":0,"name":"Shaded","section":"Shading Mode"},"sceneLighting":false,"audioPlay":false,"sceneViewState":{"showFog":false,"showMaterialUpdate":false,"showSkybox":false,"showFlares":false,"showImageEffects":false,"showParticleSystems":false},"in2DMode":false,"pivot":{"x":5.960464477539063e-8,"y":0.6610599756240845,"z":0.03955411911010742},"rotation":{"x":0.32987624406814577,"y":-0.11936163157224655,"z":0.04207159951329231,"w":0.9355186223983765},"size":7.163055896759033,"orthographic":false}