{"cameraMode":{"drawMode":0,"name":"Shaded","section":"Shading Mode"},"sceneLighting":false,"audioPlay":false,"sceneViewState":{"showFog":true,"showMaterialUpdate":false,"showSkybox":false,"showFlares":true,"showImageEffects":true,"showParticleSystems":true},"in2DMode":false,"pivot":{"x":-0.38249391317367556,"y":0.676209568977356,"z":0.9307219982147217},"rotation":{"x":0.17691883444786073,"y":-0.7883599996566773,"z":0.26503023505210879,"w":0.5262613296508789},"size":2.7581331729888918,"orthographic":false}