{"cameraMode":{"drawMode":0,"name":"Shaded","section":"Shading Mode"},"sceneLighting":false,"audioPlay":false,"sceneViewState":{"showFog":true,"showMaterialUpdate":false,"showSkybox":false,"showFlares":true,"showImageEffects":true,"showParticleSystems":true},"in2DMode":false,"pivot":{"x":-0.17500299215316773,"y":0.6610571146011353,"z":0.4609999656677246},"rotation":{"x":0.17691883444786073,"y":-0.7883599996566773,"z":0.26503023505210879,"w":0.5262613296508789},"size":2.7581331729888918,"orthographic":false}