{"cameraMode":{"drawMode":0,"name":"Shaded","section":"Shading Mode"},"sceneLighting":true,"audioPlay":false,"sceneViewState":{"showFog":true,"showMaterialUpdate":false,"showSkybox":true,"showFlares":true,"showImageEffects":true,"showParticleSystems":true},"in2DMode":false,"pivot":{"x":90.09225463867188,"y":-1.1217117309570313,"z":160.85763549804688},"rotation":{"x":-0.3231845200061798,"y":-0.5847012996673584,"z":0.27299055457115176,"w":-0.6922085285186768},"size":119.27275848388672,"orthographic":false}