{"cameraMode":{"drawMode":0,"name":"Shaded","section":"Shading Mode"},"sceneLighting":false,"audioPlay":false,"sceneViewState":{"showFog":true,"showMaterialUpdate":false,"showSkybox":false,"showFlares":true,"showImageEffects":true,"showParticleSystems":true},"in2DMode":false,"pivot":{"x":-4.578606605529785,"y":-3.270242691040039,"z":-1.4368524551391602},"rotation":{"x":0.17691883444786073,"y":-0.7883599996566773,"z":0.26503023505210879,"w":0.5262613296508789},"size":5.458133697509766,"orthographic":false}